{"cameraMode":{"drawMode":0,"name":"Shaded","section":"Shading Mode"},"sceneLighting":false,"audioPlay":false,"sceneViewState":{"m_AlwaysRefresh":false,"showFog":false,"showSkybox":false,"showFlares":false,"showImageEffects":false,"showParticleSystems":false,"showVisualEffectGraphs":true,"m_FxEnabled":true},"in2DMode":false,"pivot":{"x":-0.40484118461608889,"y":-1.0828025341033936,"z":-2.823796033859253},"rotation":{"x":-0.010728164575994015,"y":0.9775766730308533,"z":-0.20408539474010468,"w":-0.051384955644607547},"size":2.2340588569641115,"orthographic":false}