{"cameraMode":{"drawMode":0,"name":"Shaded","section":"Shading Mode"},"sceneLighting":true,"audioPlay":false,"sceneViewState":{"m_AlwaysRefresh":false,"showFog":true,"showSkybox":true,"showFlares":true,"showImageEffects":true,"showParticleSystems":true,"showVisualEffectGraphs":true,"m_FxEnabled":true},"in2DMode":false,"pivot":{"x":0.3090779781341553,"y":5.969118118286133,"z":0.035443782806396487},"rotation":{"x":-0.11157634854316712,"y":0.5211647152900696,"z":-0.06869907677173615,"w":-0.8434256911277771},"size":7.814459800720215,"orthographic":false}